GROUP,PACKAGE,CLASS,INSTRUCTION_MISSED,INSTRUCTION_COVERED,BRANCH_MISSED,BRANCH_COVERED,LINE_MISSED,LINE_COVERED,COMPLEXITY_MISSED,COMPLEXITY_COVERED,METHOD_MISSED,METHOD_COVERED
ai-cicd-demo,com.example.aicicddemo.exception,InvalidCredentialsException,0,4,0,0,0,2,0,1,0,1
ai-cicd-demo,com.example.aicicddemo.exception,GlobalExceptionHandler,1,122,1,1,0,44,1,6,0,6
ai-cicd-demo,com.example.aicicddemo.exception,ResourceNotFoundException,0,4,0,0,0,2,0,1,0,1
ai-cicd-demo,com.example.aicicddemo.exception,DuplicateEmailException,0,4,0,0,0,2,0,1,0,1
ai-cicd-demo,com.example.aicicddemo,AiCicdDemoApplication,5,3,0,0,2,1,1,1,1,1
ai-cicd-demo,com.example.aicicddemo.security,CustomUserDetailsService,0,30,0,0,0,9,0,3,0,3
ai-cicd-demo,com.example.aicicddemo.security,JwtAuthenticationFilter,0,71,2,6,0,18,2,5,0,3
ai-cicd-demo,com.example.aicicddemo.security,SecurityConfig,76,0,0,0,15,0,7,0,7,0
ai-cicd-demo,com.example.aicicddemo.security,JwtTokenProvider,0,63,0,0,0,22,0,4,0,4
ai-cicd-demo,com.example.aicicddemo.controller,AuthController,0,24,0,0,0,7,0,3,0,3
ai-cicd-demo,com.example.aicicddemo.controller,UserController,4,27,1,1,1,7,1,2,0,2
ai-cicd-demo,com.example.aicicddemo.controller,HealthController,0,8,0,0,0,2,0,2,0,2
ai-cicd-demo,com.example.aicicddemo.service,UserService,0,140,0,4,0,34,0,11,0,9
